inspection_id,manual_text_sentiment,manual_text_sentiment_notes,manual_emoji_function,manual_emoji_notes,short_text,text_for_sentiment_no_emoji,text_for_sentiment,has_emoji,emoji_count,emojis_extracted
MI_0001,neutral_or_mixed,,no_emoji,,"Smartbroker to Trade Republic Hallo Zusammen, was ist der einfachste Weg mein gesamtes Depot (sind nur einige Einzelaktien) von Smartbroker zu TR zu transferieren? Würde gerne die Anzahl der Broker reduzieren. Da ich nur 1-2 sparpläne laufen lassen möchte und von tagesgeldzins profitieren möchte halte ich TR für eine gute Lösung. Die einzelaktien sind massiv im Minus - es sind auch zitalausfälle wie „big digital assets“ dabei, die ich zukünftig mit etwaigen Gewinnen verrechnen möchte. D.h auch der „Verlustvortrag“ muss sauber überführt werden","Smartbroker to Trade Republic Hallo Zusammen, was ist der einfachste Weg mein gesamtes Depot (sind nur einige Einzelaktien) von Smartbroker zu TR zu transferieren? Würde gerne die Anzahl der Broker reduzieren. Da ich nur 1-2 sparpläne laufen lassen möchte und von tagesgeldzins profitieren möchte halte ich TR für eine gute Lösung. Die einzelaktien sind massiv im Minus - es sind auch zitalausfälle wie „big digital assets“ dabei, die ich zukünftig mit etwaigen Gewinnen verrechnen möchte. D.h auch der „Verlustvortrag“ muss sauber überführt werden","Smartbroker to Trade Republic Hallo Zusammen, was ist der einfachste Weg mein gesamtes Depot (sind nur einige Einzelaktien) von Smartbroker zu TR zu transferieren? Würde gerne die Anzahl der Broker reduzieren. Da ich nur 1-2 sparpläne laufen lassen möchte und von tagesgeldzins profitieren möchte halte ich TR für eine gute Lösung. Die einzelaktien sind massiv im Minus - es sind auch zitalausfälle wie „big digital assets“ dabei, die ich zukünftig mit etwaigen Gewinnen verrechnen möchte. D.h auch der „Verlustvortrag“ muss sauber überführt werden",False,0,
MI_0002,negative,,no_emoji,,"Help with old loan debt So I’ll just go ahead and share where I’m at… I am in recovery from substance abuse and am finally doing good and have some time under my belt. During my active addiction I definitely maxed a few cards out and didn’t pay them back at all. And I can see that when I look at my credit score. But recently I’ve been getting emails saying if I don’t pay back this payday loan I will be taken to court. I responded and had set up a payment plan but now I’m not getting anything back. And I don’t exactly remember which payday loan I had used but I know I did one, possibly two. That I sort of/barely remember. What the fuck do I do? I’m trying to pay everything back but I just don...","Help with old loan debt So I’ll just go ahead and share where I’m at… I am in recovery from substance abuse and am finally doing good and have some time under my belt. During my active addiction I definitely maxed a few cards out and didn’t pay them back at all. And I can see that when I look at my credit score. But recently I’ve been getting emails saying if I don’t pay back this payday loan I will be taken to court. I responded and had set up a payment plan but now I’m not getting anything back. And I don’t exactly remember which payday loan I had used but I know I did one, possibly two. That I sort of/barely remember. What the fuck do I do? I’m trying to pay everything back but I just don’t have any of the login info for any of the card accounts or loans. Is there someone I can call and have them help me figure all this out? Sorry if this isn’t making much sense. I just want to get everything paid and not end up being sued or something over some dumb loan. None of them were for over 1,000 dollars I’m sure of that. Is there a way I can verify that the people emailing me aren’t a scam? Im really not good with this type of stuff and just want to have a fresh start. And am willing to pay of course","Help with old loan debt So I’ll just go ahead and share where I’m at… I am in recovery from substance abuse and am finally doing good and have some time under my belt. During my active addiction I definitely maxed a few cards out and didn’t pay them back at all. And I can see that when I look at my credit score. But recently I’ve been getting emails saying if I don’t pay back this payday loan I will be taken to court. I responded and had set up a payment plan but now I’m not getting anything back. And I don’t exactly remember which payday loan I had used but I know I did one, possibly two. That I sort of/barely remember. What the fuck do I do? I’m trying to pay everything back but I just don’t have any of the login info for any of the card accounts or loans. Is there someone I can call and have them help me figure all this out? Sorry if this isn’t making much sense. I just want to get everything paid and not end up being sued or something over some dumb loan. None of them were for over 1,000 dollars I’m sure of that. Is there a way I can verify that the people emailing me aren’t a scam? Im really not good with this type of stuff and just want to have a fresh start. And am willing to pay of course",False,0,
MI_0003,neutral_or_mixed,,no_emoji,,What should I do with my savings Lets say I have 70k as a 17y/o what should I do with it?,What should I do with my savings Lets say I have 70k as a 17y/o what should I do with it?,What should I do with my savings Lets say I have 70k as a 17y/o what should I do with it?,False,0,
MI_0004,neutral_or_mixed,,positive_or_softening,,Depotübertrag Hallo zusammen. Ich habe eine Frage zu dem Thema Depotübertrag. Was sind die Nachteile wenn man die Position beim alten Broker verkauft und die gleiche Stückzahl beim neuen Broker kauft? Da sich ja ein Übertrag ziehen kann und die Einstandswerte ja manchmal falsch angezeigt werden. Vielen Dank und einen schönen sonnigen Samstag. ☀️,Depotübertrag Hallo zusammen. Ich habe eine Frage zu dem Thema Depotübertrag. Was sind die Nachteile wenn man die Position beim alten Broker verkauft und die gleiche Stückzahl beim neuen Broker kauft? Da sich ja ein Übertrag ziehen kann und die Einstandswerte ja manchmal falsch angezeigt werden. Vielen Dank und einen schönen sonnigen Samstag.,Depotübertrag Hallo zusammen. Ich habe eine Frage zu dem Thema Depotübertrag. Was sind die Nachteile wenn man die Position beim alten Broker verkauft und die gleiche Stückzahl beim neuen Broker kauft? Da sich ja ein Übertrag ziehen kann und die Einstandswerte ja manchmal falsch angezeigt werden. Vielen Dank und einen schönen sonnigen Samstag. ☀️,True,1,☀️
MI_0005,negative,,no_emoji,,Worst insurance out there Progressive is a horrible insurance company. I would suggest you look around for others and even if it cost a little more id do it. Progressive has horrible customer service and they will try to screw you over at every turn to save themselves some money. Horrible company.,Worst insurance out there Progressive is a horrible insurance company. I would suggest you look around for others and even if it cost a little more id do it. Progressive has horrible customer service and they will try to screw you over at every turn to save themselves some money. Horrible company.,Worst insurance out there Progressive is a horrible insurance company. I would suggest you look around for others and even if it cost a little more id do it. Progressive has horrible customer service and they will try to screw you over at every turn to save themselves some money. Horrible company.,False,0,
MI_0006,negative,,no_emoji,,"MIFID, PRIIPS, KID & Co Diese schwachsinnige Bevormundung der EU geht mir aufn Sack...die Auswahl der ETF in der EU ist wirklich schlecht im Vergleich zu früher...und das alles nur weil die KID nicht auf deutsch verfügbar ist? Meine Frage: Kann man das irgendwie umgehen ohne auswandern zu müssen oder 500k auf dem Konto zu haben?","MIFID, PRIIPS, KID & Co Diese schwachsinnige Bevormundung der EU geht mir aufn Sack...die Auswahl der ETF in der EU ist wirklich schlecht im Vergleich zu früher...und das alles nur weil die KID nicht auf deutsch verfügbar ist? Meine Frage: Kann man das irgendwie umgehen ohne auswandern zu müssen oder 500k auf dem Konto zu haben?","MIFID, PRIIPS, KID & Co Diese schwachsinnige Bevormundung der EU geht mir aufn Sack...die Auswahl der ETF in der EU ist wirklich schlecht im Vergleich zu früher...und das alles nur weil die KID nicht auf deutsch verfügbar ist? Meine Frage: Kann man das irgendwie umgehen ohne auswandern zu müssen oder 500k auf dem Konto zu haben?",False,0,
MI_0007,negative,,no_emoji,,"F*** you, Fritze! So lächerlich - DAS kostet Wohlstand! Und dabei ist das Schuldenpaket noch nicht mal final!","F*** you, Fritze! So lächerlich - DAS kostet Wohlstand! Und dabei ist das Schuldenpaket noch nicht mal final!","F*** you, Fritze! So lächerlich - DAS kostet Wohlstand! Und dabei ist das Schuldenpaket noch nicht mal final!",False,0,
MI_0008,negative,,positive_or_softening,,"6 hours on a simple budget spreadsheet - what's wrong with me? I'm 23 and trying to adult but Excel is kicking my ass. Spent my entire Sunday trying to make a budget spreadsheet and it's a disaster. The numbers don't add up, my categories are a mess, and I accidentally deleted half my formulas. How do people make this look so easy? I'm starting to think I'm financially doomed if I can't even make a basic budget work 😅","6 hours on a simple budget spreadsheet - what's wrong with me? I'm 23 and trying to adult but Excel is kicking my ass. Spent my entire Sunday trying to make a budget spreadsheet and it's a disaster. The numbers don't add up, my categories are a mess, and I accidentally deleted half my formulas. How do people make this look so easy? I'm starting to think I'm financially doomed if I can't even make a basic budget work","6 hours on a simple budget spreadsheet - what's wrong with me? I'm 23 and trying to adult but Excel is kicking my ass. Spent my entire Sunday trying to make a budget spreadsheet and it's a disaster. The numbers don't add up, my categories are a mess, and I accidentally deleted half my formulas. How do people make this look so easy? I'm starting to think I'm financially doomed if I can't even make a basic budget work 😅",True,1,😅
MI_0009,negative,,no_emoji,,Keine Panik trotz Crash?! Hä? Heute ist schwarzer Montag mit dem dicksten Tagesminus das ich je gesehen habe und ihr tut so als wäre nix passiert? Respekt wer das jetzt nervlich durchhält und nicht aussteigt hat entweder Nerven aus Drahtseile oder ist naiv (dumm?).,Keine Panik trotz Crash?! Hä? Heute ist schwarzer Montag mit dem dicksten Tagesminus das ich je gesehen habe und ihr tut so als wäre nix passiert? Respekt wer das jetzt nervlich durchhält und nicht aussteigt hat entweder Nerven aus Drahtseile oder ist naiv (dumm?).,Keine Panik trotz Crash?! Hä? Heute ist schwarzer Montag mit dem dicksten Tagesminus das ich je gesehen habe und ihr tut so als wäre nix passiert? Respekt wer das jetzt nervlich durchhält und nicht aussteigt hat entweder Nerven aus Drahtseile oder ist naiv (dumm?).,False,0,
MI_0010,neutral_or_mixed,,no_emoji,,"Age 47 Opening a Fidelity Roth IRA, Where Should I Put My Money? Like the title says, I'm not sure what to put my money in. Here's what I've been looking at based on older threads on this subreddit: ITOT, IXUS, and FDEWX I am starting with my maximum contribution of $6000 and will be maxing it out every year until I'm 60. Thanks for any help!","Age 47 Opening a Fidelity Roth IRA, Where Should I Put My Money? Like the title says, I'm not sure what to put my money in. Here's what I've been looking at based on older threads on this subreddit: ITOT, IXUS, and FDEWX I am starting with my maximum contribution of $6000 and will be maxing it out every year until I'm 60. Thanks for any help!","Age 47 Opening a Fidelity Roth IRA, Where Should I Put My Money? Like the title says, I'm not sure what to put my money in. Here's what I've been looking at based on older threads on this subreddit: ITOT, IXUS, and FDEWX I am starting with my maximum contribution of $6000 and will be maxing it out every year until I'm 60. Thanks for any help!",False,0,
MI_0011,negative,,no_emoji,,"Cointracking.info - Steuerberichte - Es konnte zu 1 Verkäufen kein passender Kauf gefunden werden - Wie beheben? Ich versuche mit Cointracking meinen Steuerbericht zu erstellen. Leider findet es zu meinem relevantesten Verkauf nicht, wann ich mir die entsprechenden Kryptos (in mehreren Schritten) zusammengekauft habe. Da das ganze länger als 2 Jahre her ist, würden diesbezüglich keine Steuern anfallen. So wird (ohne entsprechendes Kaufdatum) aber angezeigt, dass ich es versteuern müsste. Ich habe die Daten von Coinbase hochgeladen und zwar zuerst als CVS und dann später noch über den API-Schlüssel. Trotzdem bleibt das Problem bestehen. Kann mir vielleicht jemand sagen, wie ich das lösen kann...","Cointracking.info - Steuerberichte - Es konnte zu 1 Verkäufen kein passender Kauf gefunden werden - Wie beheben? Ich versuche mit Cointracking meinen Steuerbericht zu erstellen. Leider findet es zu meinem relevantesten Verkauf nicht, wann ich mir die entsprechenden Kryptos (in mehreren Schritten) zusammengekauft habe. Da das ganze länger als 2 Jahre her ist, würden diesbezüglich keine Steuern anfallen. So wird (ohne entsprechendes Kaufdatum) aber angezeigt, dass ich es versteuern müsste. Ich habe die Daten von Coinbase hochgeladen und zwar zuerst als CVS und dann später noch über den API-Schlüssel. Trotzdem bleibt das Problem bestehen. Kann mir vielleicht jemand sagen, wie ich das lösen kann? So habe ich jetzt für das Cointracking-Abo bezahlt und es ist aber völlig nutzlos für mich. :-(","Cointracking.info - Steuerberichte - Es konnte zu 1 Verkäufen kein passender Kauf gefunden werden - Wie beheben? Ich versuche mit Cointracking meinen Steuerbericht zu erstellen. Leider findet es zu meinem relevantesten Verkauf nicht, wann ich mir die entsprechenden Kryptos (in mehreren Schritten) zusammengekauft habe. Da das ganze länger als 2 Jahre her ist, würden diesbezüglich keine Steuern anfallen. So wird (ohne entsprechendes Kaufdatum) aber angezeigt, dass ich es versteuern müsste. Ich habe die Daten von Coinbase hochgeladen und zwar zuerst als CVS und dann später noch über den API-Schlüssel. Trotzdem bleibt das Problem bestehen. Kann mir vielleicht jemand sagen, wie ich das lösen kann? So habe ich jetzt für das Cointracking-Abo bezahlt und es ist aber völlig nutzlos für mich. :-(",False,0,
MI_0012,neutral_or_mixed,,no_emoji,,"A1JX52 Hi ich habe ein paar Fragen zum All World. Gibts den thesaurierend? Gibts den mit Small Caps? Welcher von den beiden Anbietern ist besser? Der ist physisch, oder?","A1JX52 Hi ich habe ein paar Fragen zum All World. Gibts den thesaurierend? Gibts den mit Small Caps? Welcher von den beiden Anbietern ist besser? Der ist physisch, oder?","A1JX52 Hi ich habe ein paar Fragen zum All World. Gibts den thesaurierend? Gibts den mit Small Caps? Welcher von den beiden Anbietern ist besser? Der ist physisch, oder?",False,0,
MI_0013,neutral_or_mixed,,no_emoji,,"Question about w4 and dependant Hello, previously on all w4s I'd always claim 1. Now, on the new w4, when I went to claim 1 it popped up $500. What does this mean, and am I claiming correctly?","Question about w4 and dependant Hello, previously on all w4s I'd always claim 1. Now, on the new w4, when I went to claim 1 it popped up $500. What does this mean, and am I claiming correctly?","Question about w4 and dependant Hello, previously on all w4s I'd always claim 1. Now, on the new w4, when I went to claim 1 it popped up $500. What does this mean, and am I claiming correctly?",False,0,
MI_0014,neutral_or_mixed,,no_emoji,,"Plattformen für Optionshandel Hallo zusammen, auf welcher Plattform handelt ihr Optionen? Hat jemand Erfahrungen mit dem Optionen-Depot von der Comdirect? eigentlich möchte ich Interactive Brokers wegen UK und steuerlichen Themen vermeiden. Gibt es gute europäische Alternativen?","Plattformen für Optionshandel Hallo zusammen, auf welcher Plattform handelt ihr Optionen? Hat jemand Erfahrungen mit dem Optionen-Depot von der Comdirect? eigentlich möchte ich Interactive Brokers wegen UK und steuerlichen Themen vermeiden. Gibt es gute europäische Alternativen?","Plattformen für Optionshandel Hallo zusammen, auf welcher Plattform handelt ihr Optionen? Hat jemand Erfahrungen mit dem Optionen-Depot von der Comdirect? eigentlich möchte ich Interactive Brokers wegen UK und steuerlichen Themen vermeiden. Gibt es gute europäische Alternativen?",False,0,
MI_0015,neutral_or_mixed,,no_emoji,,What are the easiest reasonable loans to get approved for? also when getting a secured loan do they inspect the vehicle you put up?,What are the easiest reasonable loans to get approved for? also when getting a secured loan do they inspect the vehicle you put up?,What are the easiest reasonable loans to get approved for? also when getting a secured loan do they inspect the vehicle you put up?,False,0,
MI_0016,negative,,no_emoji,,DKB BROKER wieder nicht erreichbar? Langsam wird es nervig. Komischerweise ist immer in stürmischen Börsenzeiten der DKB Broker nicht erreichbar. Am Wochenende mehrere Orders eingestellt und wollte gerade gucken ob sie ausgeführt wurden.... DKB Broker und iOS nicht erreichbar... Wie sieht es bei euch aus? DKB bekomm deine IT in den Griff!!!,DKB BROKER wieder nicht erreichbar? Langsam wird es nervig. Komischerweise ist immer in stürmischen Börsenzeiten der DKB Broker nicht erreichbar. Am Wochenende mehrere Orders eingestellt und wollte gerade gucken ob sie ausgeführt wurden.... DKB Broker und iOS nicht erreichbar... Wie sieht es bei euch aus? DKB bekomm deine IT in den Griff!!!,DKB BROKER wieder nicht erreichbar? Langsam wird es nervig. Komischerweise ist immer in stürmischen Börsenzeiten der DKB Broker nicht erreichbar. Am Wochenende mehrere Orders eingestellt und wollte gerade gucken ob sie ausgeführt wurden.... DKB Broker und iOS nicht erreichbar... Wie sieht es bei euch aus? DKB bekomm deine IT in den Griff!!!,False,0,
MI_0017,neutral_or_mixed,,positive_or_softening,,Student Loans vs. Credit If I have 6 student loans financed through the government how does paying them all off affect my credit. Is paying each one off one after the other going to make my credit score go down. Is paying the entire balance off as a lump sum going to hurt my credit because then I won’t have monthly payments in good standing every month. Please help😊 I want to pay off these pesky loans but obviously don’t want to destroy my credit either. Thanks in advance!,Student Loans vs. Credit If I have 6 student loans financed through the government how does paying them all off affect my credit. Is paying each one off one after the other going to make my credit score go down. Is paying the entire balance off as a lump sum going to hurt my credit because then I won’t have monthly payments in good standing every month. Please help I want to pay off these pesky loans but obviously don’t want to destroy my credit either. Thanks in advance!,Student Loans vs. Credit If I have 6 student loans financed through the government how does paying them all off affect my credit. Is paying each one off one after the other going to make my credit score go down. Is paying the entire balance off as a lump sum going to hurt my credit because then I won’t have monthly payments in good standing every month. Please help😊 I want to pay off these pesky loans but obviously don’t want to destroy my credit either. Thanks in advance!,True,1,😊
MI_0018,neutral_or_mixed,,positive_or_softening,,"ETF888 Wieso -xx% Moin, wieso ist der 2x heute so abgestürzt und der normale World ist quasi gleichbleibend geblieben? Eventuell übersehe ich was oder so dann tut es mir leid 😅","ETF888 Wieso -xx% Moin, wieso ist der 2x heute so abgestürzt und der normale World ist quasi gleichbleibend geblieben? Eventuell übersehe ich was oder so dann tut es mir leid","ETF888 Wieso -xx% Moin, wieso ist der 2x heute so abgestürzt und der normale World ist quasi gleichbleibend geblieben? Eventuell übersehe ich was oder so dann tut es mir leid 😅",True,1,😅
MI_0019,negative,,no_emoji,,The worst bank everrrrrrrrrrrrrrrrr I have been a member of Fifth third for a few years now and I don't like them at all they do not take care of their members at all. I'm done with Fifth third,The worst bank everrrrrrrrrrrrrrrrr I have been a member of Fifth third for a few years now and I don't like them at all they do not take care of their members at all. I'm done with Fifth third,The worst bank everrrrrrrrrrrrrrrrr I have been a member of Fifth third for a few years now and I don't like them at all they do not take care of their members at all. I'm done with Fifth third,False,0,
MI_0020,neutral_or_mixed,,no_emoji,,"Are 2019 Roth contributions extended as well? Doubt it, but would be nice. Been out of work since the 7th so had to stop contributions but my ESPP is purchasing on 4/30 and with as low as things got this past week I'm hoping by then it will be more stabilized and I should hopefully at least be able to see gains of 50%.","Are 2019 Roth contributions extended as well? Doubt it, but would be nice. Been out of work since the 7th so had to stop contributions but my ESPP is purchasing on 4/30 and with as low as things got this past week I'm hoping by then it will be more stabilized and I should hopefully at least be able to see gains of 50%.","Are 2019 Roth contributions extended as well? Doubt it, but would be nice. Been out of work since the 7th so had to stop contributions but my ESPP is purchasing on 4/30 and with as low as things got this past week I'm hoping by then it will be more stabilized and I should hopefully at least be able to see gains of 50%.",False,0,
MI_0021,neutral_or_mixed,,positive_or_softening,,"Can’t figure out if I have a HSA Hi all, I opened my Roth Ira(target date fund) this week and funded for 2024, will fund for 2025 soon. I understand that I need to take advantage of all tax free retirement accounts before I go to a regular brokerage account and voo and chill lol (I learned a lot these last few days) Now I can’t figure out if I have access to a HSA. I asked my employer they said they didn’t do an HSA for us. And I called Aetna and no one knows what I’m talking about there. My deductible is 2500. From what I read that’s the only requirement. Does my employer have to offer an HSA for me to qualify for one? Thank you ❤️ a 36/y o single mom trying to build a future for me and my ...","Can’t figure out if I have a HSA Hi all, I opened my Roth Ira(target date fund) this week and funded for 2024, will fund for 2025 soon. I understand that I need to take advantage of all tax free retirement accounts before I go to a regular brokerage account and voo and chill lol (I learned a lot these last few days) Now I can’t figure out if I have access to a HSA. I asked my employer they said they didn’t do an HSA for us. And I called Aetna and no one knows what I’m talking about there. My deductible is 2500. From what I read that’s the only requirement. Does my employer have to offer an HSA for me to qualify for one? Thank you a 36/y o single mom trying to build a future for me and my daughter","Can’t figure out if I have a HSA Hi all, I opened my Roth Ira(target date fund) this week and funded for 2024, will fund for 2025 soon. I understand that I need to take advantage of all tax free retirement accounts before I go to a regular brokerage account and voo and chill lol (I learned a lot these last few days) Now I can’t figure out if I have access to a HSA. I asked my employer they said they didn’t do an HSA for us. And I called Aetna and no one knows what I’m talking about there. My deductible is 2500. From what I read that’s the only requirement. Does my employer have to offer an HSA for me to qualify for one? Thank you ❤️ a 36/y o single mom trying to build a future for me and my daughter",True,1,❤️
MI_0022,negative,,no_emoji,,"PKV oder GKV? Gutverdiener (30) mit Familienplanung sucht Rat zum Wechsel Hallo zusammen, ich bin aktuell unsicher, ob ich in die PKV wechseln sollte, und hoffe auf eure Meinungen und Erfahrungen. Ich bin 30 Jahre alt, festangestellt und verdiene derzeit 85.000 € brutto im Jahr. Ab nächstem Jahr wird mein Gehalt auf 100.000 € steigen, wodurch ich die Möglichkeit hätte, in die PKV zu wechseln. Meine Frau ist in der GKV und wird voraussichtlich auch dort bleiben. Wir planen, in naher Zukunft zwei Kinder zu bekommen. Was mich am System der GKV zunehmend stört, sind die steigenden Zusatzbeiträge und die immer höher werdende Beitragsbemessungsgrenze. Als Gutverdiener werde ich dadurch überproport...","PKV oder GKV? Gutverdiener (30) mit Familienplanung sucht Rat zum Wechsel Hallo zusammen, ich bin aktuell unsicher, ob ich in die PKV wechseln sollte, und hoffe auf eure Meinungen und Erfahrungen. Ich bin 30 Jahre alt, festangestellt und verdiene derzeit 85.000 € brutto im Jahr. Ab nächstem Jahr wird mein Gehalt auf 100.000 € steigen, wodurch ich die Möglichkeit hätte, in die PKV zu wechseln. Meine Frau ist in der GKV und wird voraussichtlich auch dort bleiben. Wir planen, in naher Zukunft zwei Kinder zu bekommen. Was mich am System der GKV zunehmend stört, sind die steigenden Zusatzbeiträge und die immer höher werdende Beitragsbemessungsgrenze. Als Gutverdiener werde ich dadurch überproportional belastet, zahle also immer mehr, ohne dafür spürbar bessere Leistungen zu erhalten. Ich denke mir, wenn ich ohnehin so viel bezahle, wäre es doch sinnvoll, in die PKV zu wechseln und von den besseren Leistungen zu profitieren. Zusätzlich vermute ich, dass ich zurzeit noch sehr günstig einsteigen kann aufgrund des Alters und dadurch, dass ich gesund bin und keinerlei Vorerkrankungen habe. Allerdings sehe ich auch einige Risiken. Mit der Familienplanung im Hinterkopf frage ich mich, ob sich die PKV bei zwei Kindern überhaupt noch rechnet, da sie im Gegensatz zur GKV nicht beitragsfrei mitversichert sind. Besonders die steigenden Kosten im Alter bereiten mir Sorgen. Zwar habe ich oft gehört, dass man die mögliche Ersparnis gegenüber der GKV in einen langfristigen ETF investieren sollte, um die steigenden Beiträge später auszugleichen, aber mit Kindern dürfte diese Ersparnis vermutlich kaum vorhanden sein. Ich frage mich auch, ob die geplanten Altersrückstellungen in der PKV ausreichen, um künftige Beitragserhöhungen abzufedern. Ein Punkt, der mir bei der PKV-Wahl wichtig erscheint, ist die Tarifgestaltung. Ich habe gehört, dass man als Angestellter einen Beitrag wählen sollte, der den maximalen Arbeitgeberzuschuss garantiert. Es soll dazu wohl Tarife geben, die besonders hohe Altersrückstellungen bilden, um künftige Beitragssteigerungen abzufedern. In diesem Fall finanziert der Arbeitgeber die Hälfte dieser Rücklagen mit, was den langfristigen Vorteil solcher Tarife zusätzlich verstärken kann. Kennt jemand von euch bestimmte Tarife oder Anbieter, die solche Rückstellungen gut umsetzen? Ein weiteres Risiko sehe ich in der Berufsunfähigkeit. Wenn ich meinen Job verliere oder berufsunfähig werde, müsste ich die PKV weiterhin zahlen. Zwar habe ich eine BU-Versicherung, aber die monatliche Absicherung von aktuell 1.500 € + Dynamik könnte knapp werden. Hinzu kommt die Frage, wie sich die Beitragshöhe der GKV im Alter entwickeln wird. Ich befürchte, dass die GKV-Beiträge durch die jährlichen Anpassungen am Ende fast genauso hoch sein könnten wie die der PKV. Daher stehe ich jetzt vor der Frage, ob der Wechsel in die PKV für mich überhaupt sinnvoll ist oder ob ich besser in der GKV bleibe, trotz der steigenden Beiträge. Was denkt ihr? Hat jemand von euch ähnliche Überlegungen angestellt oder sogar schon Erfahrungen mit einem Wechsel gemacht? Vielen Dank vorab für eure Einschätzungen!","PKV oder GKV? Gutverdiener (30) mit Familienplanung sucht Rat zum Wechsel Hallo zusammen, ich bin aktuell unsicher, ob ich in die PKV wechseln sollte, und hoffe auf eure Meinungen und Erfahrungen. Ich bin 30 Jahre alt, festangestellt und verdiene derzeit 85.000 € brutto im Jahr. Ab nächstem Jahr wird mein Gehalt auf 100.000 € steigen, wodurch ich die Möglichkeit hätte, in die PKV zu wechseln. Meine Frau ist in der GKV und wird voraussichtlich auch dort bleiben. Wir planen, in naher Zukunft zwei Kinder zu bekommen. Was mich am System der GKV zunehmend stört, sind die steigenden Zusatzbeiträge und die immer höher werdende Beitragsbemessungsgrenze. Als Gutverdiener werde ich dadurch überproportional belastet, zahle also immer mehr, ohne dafür spürbar bessere Leistungen zu erhalten. Ich denke mir, wenn ich ohnehin so viel bezahle, wäre es doch sinnvoll, in die PKV zu wechseln und von den besseren Leistungen zu profitieren. Zusätzlich vermute ich, dass ich zurzeit noch sehr günstig einsteigen kann aufgrund des Alters und dadurch, dass ich gesund bin und keinerlei Vorerkrankungen habe. Allerdings sehe ich auch einige Risiken. Mit der Familienplanung im Hinterkopf frage ich mich, ob sich die PKV bei zwei Kindern überhaupt noch rechnet, da sie im Gegensatz zur GKV nicht beitragsfrei mitversichert sind. Besonders die steigenden Kosten im Alter bereiten mir Sorgen. Zwar habe ich oft gehört, dass man die mögliche Ersparnis gegenüber der GKV in einen langfristigen ETF investieren sollte, um die steigenden Beiträge später auszugleichen, aber mit Kindern dürfte diese Ersparnis vermutlich kaum vorhanden sein. Ich frage mich auch, ob die geplanten Altersrückstellungen in der PKV ausreichen, um künftige Beitragserhöhungen abzufedern. Ein Punkt, der mir bei der PKV-Wahl wichtig erscheint, ist die Tarifgestaltung. Ich habe gehört, dass man als Angestellter einen Beitrag wählen sollte, der den maximalen Arbeitgeberzuschuss garantiert. Es soll dazu wohl Tarife geben, die besonders hohe Altersrückstellungen bilden, um künftige Beitragssteigerungen abzufedern. In diesem Fall finanziert der Arbeitgeber die Hälfte dieser Rücklagen mit, was den langfristigen Vorteil solcher Tarife zusätzlich verstärken kann. Kennt jemand von euch bestimmte Tarife oder Anbieter, die solche Rückstellungen gut umsetzen? Ein weiteres Risiko sehe ich in der Berufsunfähigkeit. Wenn ich meinen Job verliere oder berufsunfähig werde, müsste ich die PKV weiterhin zahlen. Zwar habe ich eine BU-Versicherung, aber die monatliche Absicherung von aktuell 1.500 € + Dynamik könnte knapp werden. Hinzu kommt die Frage, wie sich die Beitragshöhe der GKV im Alter entwickeln wird. Ich befürchte, dass die GKV-Beiträge durch die jährlichen Anpassungen am Ende fast genauso hoch sein könnten wie die der PKV. Daher stehe ich jetzt vor der Frage, ob der Wechsel in die PKV für mich überhaupt sinnvoll ist oder ob ich besser in der GKV bleibe, trotz der steigenden Beiträge. Was denkt ihr? Hat jemand von euch ähnliche Überlegungen angestellt oder sogar schon Erfahrungen mit einem Wechsel gemacht? Vielen Dank vorab für eure Einschätzungen!",False,0,
MI_0023,neutral_or_mixed,,positive_or_softening,,"Wirtschaftszeitung - welche empfehlenswert? Hi zusammen, ich war bisher immer Abonnement vom Handelsblatt als App und da mein Abo nun ausgelaufen ist, wollte ich mich mal umhören ob es auch andere gute Wirtschaftsnews Apps gibt, die nicht ganz so teuer sind. zB habe ich mir noch - Wirtschaftswoche - Managermagazin angeschaut. Was könnt ihr mir so empfehlen? Thx 😊","Wirtschaftszeitung - welche empfehlenswert? Hi zusammen, ich war bisher immer Abonnement vom Handelsblatt als App und da mein Abo nun ausgelaufen ist, wollte ich mich mal umhören ob es auch andere gute Wirtschaftsnews Apps gibt, die nicht ganz so teuer sind. zB habe ich mir noch - Wirtschaftswoche - Managermagazin angeschaut. Was könnt ihr mir so empfehlen? Thx","Wirtschaftszeitung - welche empfehlenswert? Hi zusammen, ich war bisher immer Abonnement vom Handelsblatt als App und da mein Abo nun ausgelaufen ist, wollte ich mich mal umhören ob es auch andere gute Wirtschaftsnews Apps gibt, die nicht ganz so teuer sind. zB habe ich mir noch - Wirtschaftswoche - Managermagazin angeschaut. Was könnt ihr mir so empfehlen? Thx 😊",True,1,😊
MI_0024,negative,,no_emoji,,TR bringt mich zum verzweifeln .. Wie kann man sowas programmieren? Oder steh ich voll auf dem Schlauch? Die Anzeige ist schon oft falsch vorgekommen aber dachte ich hab mich verrechnet aber das macht doch echt absolut keinen Sinn. Wie kann ich am tieferen Punkt mehr im Plus sein? Oder ist die App einfach echt so schlecht?,TR bringt mich zum verzweifeln .. Wie kann man sowas programmieren? Oder steh ich voll auf dem Schlauch? Die Anzeige ist schon oft falsch vorgekommen aber dachte ich hab mich verrechnet aber das macht doch echt absolut keinen Sinn. Wie kann ich am tieferen Punkt mehr im Plus sein? Oder ist die App einfach echt so schlecht?,TR bringt mich zum verzweifeln .. Wie kann man sowas programmieren? Oder steh ich voll auf dem Schlauch? Die Anzeige ist schon oft falsch vorgekommen aber dachte ich hab mich verrechnet aber das macht doch echt absolut keinen Sinn. Wie kann ich am tieferen Punkt mehr im Plus sein? Oder ist die App einfach echt so schlecht?,False,0,
MI_0025,negative,,no_emoji,,"Stupid 401k Rant..... I hate that my 401k provider only allows me to choose a percent and not a dollar amount. I want to put away 19k. There are 23 Pay Periods left this year. That is $826 Per Check. Now try to figure that out as a percentage..... I get it, its just math. It still annoys me.","Stupid 401k Rant..... I hate that my 401k provider only allows me to choose a percent and not a dollar amount. I want to put away 19k. There are 23 Pay Periods left this year. That is $826 Per Check. Now try to figure that out as a percentage..... I get it, its just math. It still annoys me.","Stupid 401k Rant..... I hate that my 401k provider only allows me to choose a percent and not a dollar amount. I want to put away 19k. There are 23 Pay Periods left this year. That is $826 Per Check. Now try to figure that out as a percentage..... I get it, its just math. It still annoys me.",False,0,
MI_0026,positive,,positive_or_softening,,How much gift money may I receive in 1yr? I know you can gift some up to $15k/yr. But how much can one receive without being penalized? Can I receive a $15k from my mother and another $15k from my father for $30k for the year with out having to pay taxes?? Edit: thank you all for your replies. I understand the gift 🎁 giving reviving much better now. All your replies were appreciated.,How much gift money may I receive in 1yr? I know you can gift some up to $15k/yr. But how much can one receive without being penalized? Can I receive a $15k from my mother and another $15k from my father for $30k for the year with out having to pay taxes?? Edit: thank you all for your replies. I understand the gift giving reviving much better now. All your replies were appreciated.,How much gift money may I receive in 1yr? I know you can gift some up to $15k/yr. But how much can one receive without being penalized? Can I receive a $15k from my mother and another $15k from my father for $30k for the year with out having to pay taxes?? Edit: thank you all for your replies. I understand the gift 🎁 giving reviving much better now. All your replies were appreciated.,True,1,🎁
MI_0027,negative,,positive_or_softening,,Was denn heute an der Börse los .. Heute Mega Absturz fast 3 Prozent Verlust insgesamt heute .. die letzten Erfolge der letzen 2 Wochen sind hinüber was ein Scheiß 🙈🙈,Was denn heute an der Börse los .. Heute Mega Absturz fast 3 Prozent Verlust insgesamt heute .. die letzten Erfolge der letzen 2 Wochen sind hinüber was ein Scheiß,Was denn heute an der Börse los .. Heute Mega Absturz fast 3 Prozent Verlust insgesamt heute .. die letzten Erfolge der letzen 2 Wochen sind hinüber was ein Scheiß 🙈🙈,True,2,🙈 🙈
MI_0028,negative,,positive_or_softening,,"Wie schafft man es als Student Geld zu sparen?? Habe knapp ein Einkommen von 600€ mit Miete und essen gehen knapp 500€ weg und ich hab noch so 100€ für Freizeit (Käffchen etc.) Da höre ich immer wieder von meinen Kollegen bzw Kommilitonen wie die in Aktien oder ähnlichem investieren?! Leute woher habt ihr das Geld oder mache ich irgendwas essentiell falsch, dass ich nur bei +/- 0 rauskomme? Weiht mich mal bitte ein - denke ich mache irgendwas echt fundamental falsch 😅","Wie schafft man es als Student Geld zu sparen?? Habe knapp ein Einkommen von 600€ mit Miete und essen gehen knapp 500€ weg und ich hab noch so 100€ für Freizeit (Käffchen etc.) Da höre ich immer wieder von meinen Kollegen bzw Kommilitonen wie die in Aktien oder ähnlichem investieren?! Leute woher habt ihr das Geld oder mache ich irgendwas essentiell falsch, dass ich nur bei +/- 0 rauskomme? Weiht mich mal bitte ein - denke ich mache irgendwas echt fundamental falsch","Wie schafft man es als Student Geld zu sparen?? Habe knapp ein Einkommen von 600€ mit Miete und essen gehen knapp 500€ weg und ich hab noch so 100€ für Freizeit (Käffchen etc.) Da höre ich immer wieder von meinen Kollegen bzw Kommilitonen wie die in Aktien oder ähnlichem investieren?! Leute woher habt ihr das Geld oder mache ich irgendwas essentiell falsch, dass ich nur bei +/- 0 rauskomme? Weiht mich mal bitte ein - denke ich mache irgendwas echt fundamental falsch 😅",True,1,😅
MI_0029,neutral_or_mixed,,no_emoji,,"Meine Bank will keinerlei Aktien aus Polen kaufen, ich aber! Hallo Liebe Leute! Ich hab schon seit längerer Zeit ein Aktien Depot bei der Bank Austria und wollte letztens in eine Polnische Firma investieren, aber sie meinten, dass von dieser bzw. Jeder anderen österreichischen Bank, generell keine Polnischen Aktien gekauft werden (instabiler Markt?) Jedenfalls bin ich jetzt auf der Suche nach einer Alternative um trotzdem investieren zu können, habt ihr da Vorschläge? oder selbst schon Erfahrungen gemacht? Ich hab von Interactive Brokers oder meta trading schon gehört, bin da aber noch eher skeptisch und würde mir davor eventuell noch ein Paar Meinungen einholen.. Wenn euch etwas einfällt la...","Meine Bank will keinerlei Aktien aus Polen kaufen, ich aber! Hallo Liebe Leute! Ich hab schon seit längerer Zeit ein Aktien Depot bei der Bank Austria und wollte letztens in eine Polnische Firma investieren, aber sie meinten, dass von dieser bzw. Jeder anderen österreichischen Bank, generell keine Polnischen Aktien gekauft werden (instabiler Markt?) Jedenfalls bin ich jetzt auf der Suche nach einer Alternative um trotzdem investieren zu können, habt ihr da Vorschläge? oder selbst schon Erfahrungen gemacht? Ich hab von Interactive Brokers oder meta trading schon gehört, bin da aber noch eher skeptisch und würde mir davor eventuell noch ein Paar Meinungen einholen.. Wenn euch etwas einfällt lasst es mich gerne Wissen!","Meine Bank will keinerlei Aktien aus Polen kaufen, ich aber! Hallo Liebe Leute! Ich hab schon seit längerer Zeit ein Aktien Depot bei der Bank Austria und wollte letztens in eine Polnische Firma investieren, aber sie meinten, dass von dieser bzw. Jeder anderen österreichischen Bank, generell keine Polnischen Aktien gekauft werden (instabiler Markt?) Jedenfalls bin ich jetzt auf der Suche nach einer Alternative um trotzdem investieren zu können, habt ihr da Vorschläge? oder selbst schon Erfahrungen gemacht? Ich hab von Interactive Brokers oder meta trading schon gehört, bin da aber noch eher skeptisch und würde mir davor eventuell noch ein Paar Meinungen einholen.. Wenn euch etwas einfällt lasst es mich gerne Wissen!",False,0,
MI_0030,neutral_or_mixed,,no_emoji,,"Sell rental properties to go deeper into the stock market? Currently in a position to sell a cash flow positive unit for approximately 250k profit, which I’d turn around and place into the market for 20-25 years. I’d lose out on my initial cash flow but 250k into the market for 20 years seems tempting. Thoughts?","Sell rental properties to go deeper into the stock market? Currently in a position to sell a cash flow positive unit for approximately 250k profit, which I’d turn around and place into the market for 20-25 years. I’d lose out on my initial cash flow but 250k into the market for 20 years seems tempting. Thoughts?","Sell rental properties to go deeper into the stock market? Currently in a position to sell a cash flow positive unit for approximately 250k profit, which I’d turn around and place into the market for 20-25 years. I’d lose out on my initial cash flow but 250k into the market for 20 years seems tempting. Thoughts?",False,0,
MI_0031,neutral_or_mixed,,no_emoji,,"First Time Moving Out, Urgent Rent Comparisons Hey all, hope you can help me come to a decision I have to make this weekend. I have the choice between 2 different homes right now and I'm weighing the pros and cons. I'm moving with a roommate soon, our total monthly joint income is close to 8500 month ($3,500 me $4,000 him) and we're looking to choose from the following places. \-$2950/month house in an amazing location. Comes equipped with all appliances except washer and dryer with no utilities included. Major deciding factor here is that every room except the kitchen is carpeted. I'm not a huge fan of carpet, my roommate is fine with it but I know the upkeep costs both in time and money as...","First Time Moving Out, Urgent Rent Comparisons Hey all, hope you can help me come to a decision I have to make this weekend. I have the choice between 2 different homes right now and I'm weighing the pros and cons. I'm moving with a roommate soon, our total monthly joint income is close to 8500 month ($3,500 me $4,000 him) and we're looking to choose from the following places. \-$2950/month house in an amazing location. Comes equipped with all appliances except washer and dryer with no utilities included. Major deciding factor here is that every room except the kitchen is carpeted. I'm not a huge fan of carpet, my roommate is fine with it but I know the upkeep costs both in time and money associated with keeping carpets clean. \-$2750/month. The area is also nice but it's about 15 mins further away from work/family/friends. Unpaid utilities and no appliances. Tile and wood flooring so upkeep should be low. The real sticking point is if I take option 2, I save roughly $2,400 a year in rent but when looking up the costs of purchasing and installing all the appliances, it sort of swallows that money up. I'm going to have to buy a washer/dyer for both but option 2 needs a Stove/Fridge/Microwave and I've been looking on Home Depot for something on sale. I'd probably save close to 300-400 dollars when all is said and done. tl;dr 2950 vs 2750. Carpets vs. appliance installation, which is the bigger headache? Thanks all.","First Time Moving Out, Urgent Rent Comparisons Hey all, hope you can help me come to a decision I have to make this weekend. I have the choice between 2 different homes right now and I'm weighing the pros and cons. I'm moving with a roommate soon, our total monthly joint income is close to 8500 month ($3,500 me $4,000 him) and we're looking to choose from the following places. \-$2950/month house in an amazing location. Comes equipped with all appliances except washer and dryer with no utilities included. Major deciding factor here is that every room except the kitchen is carpeted. I'm not a huge fan of carpet, my roommate is fine with it but I know the upkeep costs both in time and money associated with keeping carpets clean. \-$2750/month. The area is also nice but it's about 15 mins further away from work/family/friends. Unpaid utilities and no appliances. Tile and wood flooring so upkeep should be low. The real sticking point is if I take option 2, I save roughly $2,400 a year in rent but when looking up the costs of purchasing and installing all the appliances, it sort of swallows that money up. I'm going to have to buy a washer/dyer for both but option 2 needs a Stove/Fridge/Microwave and I've been looking on Home Depot for something on sale. I'd probably save close to 300-400 dollars when all is said and done. tl;dr 2950 vs 2750. Carpets vs. appliance installation, which is the bigger headache? Thanks all.",False,0,
MI_0032,negative,,no_emoji,,Hating my self hard because im going to be 28 at a dead end job that has nothing to do with my degree Been at this dead end job 3 years and was lazy fixing up my resume. Until recently and im just so mad at myself because you should job hop to earn more and at 28 earning 56k makes me so disappointed with myself.,Hating my self hard because im going to be 28 at a dead end job that has nothing to do with my degree Been at this dead end job 3 years and was lazy fixing up my resume. Until recently and im just so mad at myself because you should job hop to earn more and at 28 earning 56k makes me so disappointed with myself.,Hating my self hard because im going to be 28 at a dead end job that has nothing to do with my degree Been at this dead end job 3 years and was lazy fixing up my resume. Until recently and im just so mad at myself because you should job hop to earn more and at 28 earning 56k makes me so disappointed with myself.,False,0,
MI_0033,neutral_or_mixed,,no_emoji,,"Looking for financial advice – Stable income but unsure what to do next So, as the title suggests, I’m looking for financial advice. I’m a guy in my 30s working in the tech field. Last week, I finally paid off the last of my credit card debt. I'm currently financially stable and had enough in savings to do it without much worry. The company I work for is pretty laid-back. Benefits include a small 401(k) match and health insurance. I contribute enough to get the full match. Lately, I’ve been considering getting an apartment closer to work — my current commute averages about two hours a day. But with how things are economically, I’m hesitant about whether rent prices will go up or down in the ...","Looking for financial advice – Stable income but unsure what to do next So, as the title suggests, I’m looking for financial advice. I’m a guy in my 30s working in the tech field. Last week, I finally paid off the last of my credit card debt. I'm currently financially stable and had enough in savings to do it without much worry. The company I work for is pretty laid-back. Benefits include a small 401(k) match and health insurance. I contribute enough to get the full match. Lately, I’ve been considering getting an apartment closer to work — my current commute averages about two hours a day. But with how things are economically, I’m hesitant about whether rent prices will go up or down in the near future. I still have over $50k in student loans. About $20k is with Sallie Mae, and I’m paying around $500/month on that. The rest is in forbearance until August. Outside of looking into an apartment, I don’t own much — just a paid-off car, my phone, a PC setup, and the usual essentials like clothes. I tried investing through my bank last year, but I barely saw any returns, and taxes on the small gains wiped most of it out. Felt like it wasn’t worth the effort. I’m asking for advice on what to do with my spare income. I'm financially stable, but I have no idea where to go from here. The market doesn't look great, I don’t know much about IRAs, and I’m looking for a way to invest that will actually grow my money over time. After covering regular expenses, I have about $2k left over each month — but my savings don’t grow much since there’s always some big cost popping up (mainly car-related and gas). Any advice is appreciated.","Looking for financial advice – Stable income but unsure what to do next So, as the title suggests, I’m looking for financial advice. I’m a guy in my 30s working in the tech field. Last week, I finally paid off the last of my credit card debt. I'm currently financially stable and had enough in savings to do it without much worry. The company I work for is pretty laid-back. Benefits include a small 401(k) match and health insurance. I contribute enough to get the full match. Lately, I’ve been considering getting an apartment closer to work — my current commute averages about two hours a day. But with how things are economically, I’m hesitant about whether rent prices will go up or down in the near future. I still have over $50k in student loans. About $20k is with Sallie Mae, and I’m paying around $500/month on that. The rest is in forbearance until August. Outside of looking into an apartment, I don’t own much — just a paid-off car, my phone, a PC setup, and the usual essentials like clothes. I tried investing through my bank last year, but I barely saw any returns, and taxes on the small gains wiped most of it out. Felt like it wasn’t worth the effort. I’m asking for advice on what to do with my spare income. I'm financially stable, but I have no idea where to go from here. The market doesn't look great, I don’t know much about IRAs, and I’m looking for a way to invest that will actually grow my money over time. After covering regular expenses, I have about $2k left over each month — but my savings don’t grow much since there’s always some big cost popping up (mainly car-related and gas). Any advice is appreciated.",False,0,
MI_0034,negative,,no_emoji,,"hey my fico score is 734 I'm really pissed cuz I'm always on time, why is it so low and how do i get it into the 800s????","hey my fico score is 734 I'm really pissed cuz I'm always on time, why is it so low and how do i get it into the 800s????","hey my fico score is 734 I'm really pissed cuz I'm always on time, why is it so low and how do i get it into the 800s????",False,0,
MI_0035,neutral_or_mixed,,no_emoji,,"Requesting Advice on How Best to Use My Disposable Income Hey Everyone I'm in a fortunate financial position where I'm earning a decent wage and able to still live with my parents. I have about £1,200 disposable each month. So far, I've been investing about 20% of that into stocks/shares, 20% into crypto, and the remaining 60% straight into an ISA. I'll admit that this is not an educated plan - I simply wanted to split where my money was going. 60% is safe in the ISA and 40% is at risk but could pay off if I research the stocks/crypto market well. I was looking for some advice on how I can use the £1,200 more wisely to gain profit. I'm very much a beginner in financial planning, so go easy o...","Requesting Advice on How Best to Use My Disposable Income Hey Everyone I'm in a fortunate financial position where I'm earning a decent wage and able to still live with my parents. I have about £1,200 disposable each month. So far, I've been investing about 20% of that into stocks/shares, 20% into crypto, and the remaining 60% straight into an ISA. I'll admit that this is not an educated plan - I simply wanted to split where my money was going. 60% is safe in the ISA and 40% is at risk but could pay off if I research the stocks/crypto market well. I was looking for some advice on how I can use the £1,200 more wisely to gain profit. I'm very much a beginner in financial planning, so go easy on me!","Requesting Advice on How Best to Use My Disposable Income Hey Everyone I'm in a fortunate financial position where I'm earning a decent wage and able to still live with my parents. I have about £1,200 disposable each month. So far, I've been investing about 20% of that into stocks/shares, 20% into crypto, and the remaining 60% straight into an ISA. I'll admit that this is not an educated plan - I simply wanted to split where my money was going. 60% is safe in the ISA and 40% is at risk but could pay off if I research the stocks/crypto market well. I was looking for some advice on how I can use the £1,200 more wisely to gain profit. I'm very much a beginner in financial planning, so go easy on me!",False,0,
MI_0036,negative,,no_emoji,,"Teure Reparaturen am Auto vor Verkauf Hi, Ich wollte Ende nächsten Monats mein jetziges Auto verkaufen, da ich dann ein neues haben werde. Da mein TÜV diesen Monat ansteht und ich auch noch die Bremsen wechseln lassen muss, sind das noch so ca 300-400€, die ich sowieso vorhatte zu investieren. Über Mobile habe ich Verkaufspreise ermittelt und ich würde denken, dass ich noch so 3-3,5k € dafür bekommen könnte (wenn alles repariert ist). Jetzt ist es so, dass höchstwahrscheinlich meine Zylinderkopfdichtung hinüber ist und ich dadurch noch Mal Kosten von über 1k € dazu kommen. Habe ich eine andere Option als hier in den sauren Apfel zu beißen, das Auto wieder herzurichten und dann halt nur noch ...","Teure Reparaturen am Auto vor Verkauf Hi, Ich wollte Ende nächsten Monats mein jetziges Auto verkaufen, da ich dann ein neues haben werde. Da mein TÜV diesen Monat ansteht und ich auch noch die Bremsen wechseln lassen muss, sind das noch so ca 300-400€, die ich sowieso vorhatte zu investieren. Über Mobile habe ich Verkaufspreise ermittelt und ich würde denken, dass ich noch so 3-3,5k € dafür bekommen könnte (wenn alles repariert ist). Jetzt ist es so, dass höchstwahrscheinlich meine Zylinderkopfdichtung hinüber ist und ich dadurch noch Mal Kosten von über 1k € dazu kommen. Habe ich eine andere Option als hier in den sauren Apfel zu beißen, das Auto wieder herzurichten und dann halt nur noch etwas mehr als 1k € mit dem Verkauf zu erzielen? Evtl. Gebrauchtwagenhändler (die von den Kärtchen), die ja Autos in quasi jedem Zustand kaufen? (Falls relevant: Auto ist ein BMW E90 BJ 2005 mit 120k km)","Teure Reparaturen am Auto vor Verkauf Hi, Ich wollte Ende nächsten Monats mein jetziges Auto verkaufen, da ich dann ein neues haben werde. Da mein TÜV diesen Monat ansteht und ich auch noch die Bremsen wechseln lassen muss, sind das noch so ca 300-400€, die ich sowieso vorhatte zu investieren. Über Mobile habe ich Verkaufspreise ermittelt und ich würde denken, dass ich noch so 3-3,5k € dafür bekommen könnte (wenn alles repariert ist). Jetzt ist es so, dass höchstwahrscheinlich meine Zylinderkopfdichtung hinüber ist und ich dadurch noch Mal Kosten von über 1k € dazu kommen. Habe ich eine andere Option als hier in den sauren Apfel zu beißen, das Auto wieder herzurichten und dann halt nur noch etwas mehr als 1k € mit dem Verkauf zu erzielen? Evtl. Gebrauchtwagenhändler (die von den Kärtchen), die ja Autos in quasi jedem Zustand kaufen? (Falls relevant: Auto ist ein BMW E90 BJ 2005 mit 120k km)",False,0,
MI_0037,neutral_or_mixed,,no_emoji,,Finazballon Hat jemand Erfahrung mit dem discord von Finazballon?,Finazballon Hat jemand Erfahrung mit dem discord von Finazballon?,Finazballon Hat jemand Erfahrung mit dem discord von Finazballon?,False,0,
MI_0038,neutral_or_mixed,,no_emoji,,"Teil des Notgroschen anlegen? Portfolio erweitern? Teilzeit Arbeit beginnen? Hallo Reddit! ich hätte ein paar Fragen die glaube ich etwas speziell auf mich treffen. würde mich sehr über ein paar Meinungen oder Ratschläge freuen. 1. Ich habe derzeit 6000€ als Notgroschen oder evtl ein neues Auto in den nächstes 2 Jahren liegen. Macht es Sinn einen Teil davon direkt in einen etf Sparplan zu setzen und dann wieder den Notgroschen aufzubauen? Auto wird wieder ein gebrauchtes also 4-6000€ schätze ich. Aktuell habe ich ca 750€ monatlich zum besparen verfügbar von ~1800€ Netto Gehalt. 2. Mein Portfolio ist derzeit eben der Notgroschen, ~3000€ auf Mintos, ~1000€ spekulative Aktie und ~0.7 Bitcoin. I...","Teil des Notgroschen anlegen? Portfolio erweitern? Teilzeit Arbeit beginnen? Hallo Reddit! ich hätte ein paar Fragen die glaube ich etwas speziell auf mich treffen. würde mich sehr über ein paar Meinungen oder Ratschläge freuen. 1. Ich habe derzeit 6000€ als Notgroschen oder evtl ein neues Auto in den nächstes 2 Jahren liegen. Macht es Sinn einen Teil davon direkt in einen etf Sparplan zu setzen und dann wieder den Notgroschen aufzubauen? Auto wird wieder ein gebrauchtes also 4-6000€ schätze ich. Aktuell habe ich ca 750€ monatlich zum besparen verfügbar von ~1800€ Netto Gehalt. 2. Mein Portfolio ist derzeit eben der Notgroschen, ~3000€ auf Mintos, ~1000€ spekulative Aktie und ~0.7 Bitcoin. Ich habe wie man sieht mit sehr risikoreichen Investments begonnen weshalb ich nun begonnen habe 500€ mntl. in einen Vanguard FTSE all world etf. mit der DKB anzulegen und 250€ aber noch auf Mintos gebe. Würdet ihr das Portfolio anderweitig erweitern oder abändern? der All World zB ist ja reinvestierend anstatt ausschüttend, ausschüttend wäre jedoch sinnvoller um den Sparerfreibetrag zu nutzen? 3. Ich bin 23. und denke darüber nach Teilzeit zu machen, also Freitag streichen und 4 Tage Woche. Gründe sind einfach weil ich will, will mich mehr auf meine Musik konzentrieren (welche durchaus demnächst auch als Nebeneinkommen angemeldet wird) und weil ich denke ich kann es mir leisten. Möchte jetzt leben und Zeit haben.. ich denke sogar ich kann meinen Sparbetrag aufrecht erhalten da nach Miete und Ernährung noch immer 500€ mntl über sind zur freien Verfügung.. würde einfach Mal gern was dazu hören. Vielleicht bin ich auch nur ein Träumer aber ich hab meine Finanzen in gewisser Hinsicht im Griff fürs erste.. danke vielmals für eure Hilfe Grüße muxu","Teil des Notgroschen anlegen? Portfolio erweitern? Teilzeit Arbeit beginnen? Hallo Reddit! ich hätte ein paar Fragen die glaube ich etwas speziell auf mich treffen. würde mich sehr über ein paar Meinungen oder Ratschläge freuen. 1. Ich habe derzeit 6000€ als Notgroschen oder evtl ein neues Auto in den nächstes 2 Jahren liegen. Macht es Sinn einen Teil davon direkt in einen etf Sparplan zu setzen und dann wieder den Notgroschen aufzubauen? Auto wird wieder ein gebrauchtes also 4-6000€ schätze ich. Aktuell habe ich ca 750€ monatlich zum besparen verfügbar von ~1800€ Netto Gehalt. 2. Mein Portfolio ist derzeit eben der Notgroschen, ~3000€ auf Mintos, ~1000€ spekulative Aktie und ~0.7 Bitcoin. Ich habe wie man sieht mit sehr risikoreichen Investments begonnen weshalb ich nun begonnen habe 500€ mntl. in einen Vanguard FTSE all world etf. mit der DKB anzulegen und 250€ aber noch auf Mintos gebe. Würdet ihr das Portfolio anderweitig erweitern oder abändern? der All World zB ist ja reinvestierend anstatt ausschüttend, ausschüttend wäre jedoch sinnvoller um den Sparerfreibetrag zu nutzen? 3. Ich bin 23. und denke darüber nach Teilzeit zu machen, also Freitag streichen und 4 Tage Woche. Gründe sind einfach weil ich will, will mich mehr auf meine Musik konzentrieren (welche durchaus demnächst auch als Nebeneinkommen angemeldet wird) und weil ich denke ich kann es mir leisten. Möchte jetzt leben und Zeit haben.. ich denke sogar ich kann meinen Sparbetrag aufrecht erhalten da nach Miete und Ernährung noch immer 500€ mntl über sind zur freien Verfügung.. würde einfach Mal gern was dazu hören. Vielleicht bin ich auch nur ein Träumer aber ich hab meine Finanzen in gewisser Hinsicht im Griff fürs erste.. danke vielmals für eure Hilfe Grüße muxu",False,0,
MI_0039,neutral_or_mixed,,positive_or_softening,,"Have extra emergency funds (past 6 months), but think I invested them wrong (TDF). Advice on next steps? Context: Year+ emergency fund in a HYSA, and I fully fund my roth and 401k each year. I regularly save money for holidays/long term purchases, but still have some extra. Retirement is 15+ years away. Trying to be better with money, so followed some advice to keep the HYSA emergency fund savings account to 6 month, and invest the rest. Goal of this money is long term growth, but able to access it in dire circumstances if I blow through emergency fund. I had an existing brokerage account in Vanguard, which was invested in a target date fund. I used the extra funds to invest more in that (in...","Have extra emergency funds (past 6 months), but think I invested them wrong (TDF). Advice on next steps? Context: Year+ emergency fund in a HYSA, and I fully fund my roth and 401k each year. I regularly save money for holidays/long term purchases, but still have some extra. Retirement is 15+ years away. Trying to be better with money, so followed some advice to keep the HYSA emergency fund savings account to 6 month, and invest the rest. Goal of this money is long term growth, but able to access it in dire circumstances if I blow through emergency fund. I had an existing brokerage account in Vanguard, which was invested in a target date fund. I used the extra funds to invest more in that (in July), and set it up to auto transfer & invest every month. Have since learned TDF might not be the best option, so looking to figure out what to do with those funds. Option 1: switch investing to ETFs (like the Boglehead recommendation) Option 2: switch back to a HYSA Option 3: something else like a MM account? and once that choice is made, how best to go about it? I’ve stopped auto contributions and capital gains/dividend reinvestments in the brokerage account. Should I just wait a year until everything has become long term gains? Go ahead and sell off anything that was in the brokerage account before the July contribution? (should be long term gains) Then wait a year for the rest to become long term? Some other option? Appreciative of any advice","Have extra emergency funds (past 6 months), but think I invested them wrong (TDF). Advice on next steps? Context: Year+ emergency fund in a HYSA, and I fully fund my roth and 401k each year. I regularly save money for holidays/long term purchases, but still have some extra. Retirement is 15+ years away. Trying to be better with money, so followed some advice to keep the HYSA emergency fund savings account to 6 month, and invest the rest. Goal of this money is long term growth, but able to access it in dire circumstances if I blow through emergency fund. I had an existing brokerage account in Vanguard, which was invested in a target date fund. I used the extra funds to invest more in that (in July), and set it up to auto transfer & invest every month. Have since learned TDF might not be the best option, so looking to figure out what to do with those funds. Option 1: switch investing to ETFs (like the Boglehead recommendation) Option 2: switch back to a HYSA Option 3: something else like a MM account? and once that choice is made, how best to go about it? I’ve stopped auto contributions and capital gains/dividend reinvestments in the brokerage account. Should I just wait a year until everything has become long term gains? Go ahead and sell off anything that was in the brokerage account before the July contribution? (should be long term gains) Then wait a year for the rest to become long term? Some other option? Appreciative of any advice ❤️",True,1,❤️
MI_0040,negative,,neutral,,"An ATM denied my request, but my Venno balance was charged in full anyway. Anybody ever been declined at an atm by being told on the atm screen that their transaction couldn't be processed, ALSO got a paper receipt saying the transaction couldn't be processed, yet your Venmo balance was still charged as if you got the cash? Not just that, but you got all the mobile notifications afterwards verifying the ""successful"" ATM withdraw you didn't have. Yeah, this happened to me around 1am last night, lol. It was at a PNC bank🏧 at Wawa in Eht. I always try to hit a wawa when I need an ATM because they're surcharge free, but this shit hasn't happened once. Do I take this up with PNC or Venmo? I'm con...","An ATM denied my request, but my Venno balance was charged in full anyway. Anybody ever been declined at an atm by being told on the atm screen that their transaction couldn't be processed, ALSO got a paper receipt saying the transaction couldn't be processed, yet your Venmo balance was still charged as if you got the cash? Not just that, but you got all the mobile notifications afterwards verifying the ""successful"" ATM withdraw you didn't have. Yeah, this happened to me around 1am last night, lol. It was at a PNC bank at Wawa in Eht. I always try to hit a wawa when I need an ATM because they're surcharge free, but this shit hasn't happened once. Do I take this up with PNC or Venmo? I'm confused as to if Venmo is to blame or the ATM. I mean, the ATM was obviously aware that it didn't dispense any money to me. I called PNC. They either cannot or will not help because I do not bank with them. They told me if anything, it is up to venmo to file a dispute with them. I did however send an email to Venmo's cardsupport email address. I explaining the entire situation in depth and attaching two pictures that depict two different outcomes of the transaction. A paper atm receipt from the actual machine, as well as an atm receipt from venmo I received in my email - directly after my balance went from $70 to $0 for cash an atm never dispensed. Anyone got a prognosis? I already know PNC won't do shit. So does anybody know how long this might take venmo to correct?","An ATM denied my request, but my Venno balance was charged in full anyway. Anybody ever been declined at an atm by being told on the atm screen that their transaction couldn't be processed, ALSO got a paper receipt saying the transaction couldn't be processed, yet your Venmo balance was still charged as if you got the cash? Not just that, but you got all the mobile notifications afterwards verifying the ""successful"" ATM withdraw you didn't have. Yeah, this happened to me around 1am last night, lol. It was at a PNC bank🏧 at Wawa in Eht. I always try to hit a wawa when I need an ATM because they're surcharge free, but this shit hasn't happened once. Do I take this up with PNC or Venmo? I'm confused as to if Venmo is to blame or the ATM. I mean, the ATM was obviously aware that it didn't dispense any money to me. I called PNC. They either cannot or will not help because I do not bank with them. They told me if anything, it is up to venmo to file a dispute with them. I did however send an email to Venmo's cardsupport email address. I explaining the entire situation in depth and attaching two pictures that depict two different outcomes of the transaction. A paper atm receipt from the actual machine, as well as an atm receipt from venmo I received in my email - directly after my balance went from $70 to $0 for cash an atm never dispensed. Anyone got a prognosis? I already know PNC won't do shit. So does anybody know how long this might take venmo to correct?",True,1,🏧
MI_0041,positive,,positive_or_softening,,"130.000€ Aktien Kursgewinn❤️Empirische Wissenschaftliche Fakten Hayek: ""Niemand hat vom Kapitalismus mehr profitiert als die Arbeiterklasse!"" [URL] Portfolio ist Öffentlich.","130.000€ Aktien KursgewinnEmpirische Wissenschaftliche Fakten Hayek: ""Niemand hat vom Kapitalismus mehr profitiert als die Arbeiterklasse!"" [URL] Portfolio ist Öffentlich.","130.000€ Aktien Kursgewinn❤️Empirische Wissenschaftliche Fakten Hayek: ""Niemand hat vom Kapitalismus mehr profitiert als die Arbeiterklasse!"" [URL] Portfolio ist Öffentlich.",True,1,❤️
MI_0042,negative,,positive_or_softening,,"Looking for Advice About Buying a Used Car I’ve (26,f) always had a back and forth relationship with my parents cause of my anxiety and ocd, and it’s gotten to the point where I need to do things on my own cause they want no part in whatever decisions I make for myself. I totaled my last car against the guardrail on the highway back in December and I haven’t had one in about 6 months. I’m ready to get back on the road and want to get a decent used car for myself but I’ve never navigated this process entirely on my own and without a co-signer. My driving record isn’t that great either because I made the decision to have a commuter job about 45 mins away and unfortunately, constantly making th...","Looking for Advice About Buying a Used Car I’ve (26,f) always had a back and forth relationship with my parents cause of my anxiety and ocd, and it’s gotten to the point where I need to do things on my own cause they want no part in whatever decisions I make for myself. I totaled my last car against the guardrail on the highway back in December and I haven’t had one in about 6 months. I’m ready to get back on the road and want to get a decent used car for myself but I’ve never navigated this process entirely on my own and without a co-signer. My driving record isn’t that great either because I made the decision to have a commuter job about 45 mins away and unfortunately, constantly making that commute did a number on my record so I know insurance is gonna be expensive but I think I have that figured out at least for now. I don’t know if I’ll get approved for financing and I keep getting denied for personal loans to use to pay in cash because when I totaled my first car about 2.5 years ago, (I’ve totaled two and both because of the commute that I no longer make), I was advised by someone to not pay the lease any longer because the car was no longer in my possession and as a result, the account went delinquent and my credit took a decent hit. I’ve tried disputing with all three bureaus multiple times to no avail, so I’ve just resigned to the fact that I’m probably gonna have to wait until the account falls off of my credit report in a few years. I don’t know what to do to get myself to where I want to be. I live at home still because of finances and living being extremely expensive, I currently work within walking and biking distance since I don’t have a car right now and am making basically minimum wage, and I’m just ready to find a decent job and make something of myself but of course my parents wanna still place all these restrictions on me because I technically am disabled since I am diagnosed and “my roof, my rules” of course. I’ve been an adult for almost 9 years now and I feel like I’ll be stuck here forever with no way out and no way to move myself forward like I want to. Thanks for listening to me ramble guys and for any advice and support offered. Much love always","Looking for Advice About Buying a Used Car I’ve (26,f) always had a back and forth relationship with my parents cause of my anxiety and ocd, and it’s gotten to the point where I need to do things on my own cause they want no part in whatever decisions I make for myself. I totaled my last car against the guardrail on the highway back in December and I haven’t had one in about 6 months. I’m ready to get back on the road and want to get a decent used car for myself but I’ve never navigated this process entirely on my own and without a co-signer. My driving record isn’t that great either because I made the decision to have a commuter job about 45 mins away and unfortunately, constantly making that commute did a number on my record so I know insurance is gonna be expensive but I think I have that figured out at least for now. I don’t know if I’ll get approved for financing and I keep getting denied for personal loans to use to pay in cash because when I totaled my first car about 2.5 years ago, (I’ve totaled two and both because of the commute that I no longer make), I was advised by someone to not pay the lease any longer because the car was no longer in my possession and as a result, the account went delinquent and my credit took a decent hit. I’ve tried disputing with all three bureaus multiple times to no avail, so I’ve just resigned to the fact that I’m probably gonna have to wait until the account falls off of my credit report in a few years. I don’t know what to do to get myself to where I want to be. I live at home still because of finances and living being extremely expensive, I currently work within walking and biking distance since I don’t have a car right now and am making basically minimum wage, and I’m just ready to find a decent job and make something of myself but of course my parents wanna still place all these restrictions on me because I technically am disabled since I am diagnosed and “my roof, my rules” of course. I’ve been an adult for almost 9 years now and I feel like I’ll be stuck here forever with no way out and no way to move myself forward like I want to. Thanks for listening to me ramble guys and for any advice and support offered. Much love always ❤️",True,1,❤️
MI_0043,neutral_or_mixed,,positive_or_softening,,"Kommer: Kaufen oder Mieten (1. Auflage 2010) Hallo Brudis und Schwestis, Ich habe das Buch Kaufen oder Mieten von Gerd Kommer in der 1. Auflage 2010. Lohnt sich der „Upgrade“ auf die 2. Auflage 2016? Welche Unterschiede (if any) gibt es? Danke!! 😀","Kommer: Kaufen oder Mieten (1. Auflage 2010) Hallo Brudis und Schwestis, Ich habe das Buch Kaufen oder Mieten von Gerd Kommer in der 1. Auflage 2010. Lohnt sich der „Upgrade“ auf die 2. Auflage 2016? Welche Unterschiede (if any) gibt es? Danke!!","Kommer: Kaufen oder Mieten (1. Auflage 2010) Hallo Brudis und Schwestis, Ich habe das Buch Kaufen oder Mieten von Gerd Kommer in der 1. Auflage 2010. Lohnt sich der „Upgrade“ auf die 2. Auflage 2016? Welche Unterschiede (if any) gibt es? Danke!! 😀",True,1,😀
MI_0044,positive,,positive_or_softening,,"PJM Investment Akademie - kostenloses Online Event Basis Finanzwissen Darf man hier Links posten? Bin gerade darauf gestoßen und denke es könnte für diejenigen die am Anfang stehen mit ihrer Finanzbildung, interessant sein. Zudem, je mehr sich über dich anmelden dafür bekommt man Zugang zu Masterclasses zu diversen Themen: Investment Masterclass: 🎁 1 Anmeldung - Masterclass Sparen & Verhandeln 🎁 3 Anmeldungen - Masterclass Versicherungen & Steuern 🎁 5 Anmeldungen - Masterclass Eigenheim & Immobilien 🎁 7 Anmeldungen - Masterclass Leadership & Kommunikation 🏆 Top 10 - 2-tägiges Investment-Seminar ""Der erleuchtete Investor"" in Hamburg (Wert 2.374,50€) Ich habe zwar persönlich noch keine Erfahru...","PJM Investment Akademie - kostenloses Online Event Basis Finanzwissen Darf man hier Links posten? Bin gerade darauf gestoßen und denke es könnte für diejenigen die am Anfang stehen mit ihrer Finanzbildung, interessant sein. Zudem, je mehr sich über dich anmelden dafür bekommt man Zugang zu Masterclasses zu diversen Themen: Investment Masterclass: 1 Anmeldung - Masterclass Sparen & Verhandeln 3 Anmeldungen - Masterclass Versicherungen & Steuern 5 Anmeldungen - Masterclass Eigenheim & Immobilien 7 Anmeldungen - Masterclass Leadership & Kommunikation Top 10 - 2-tägiges Investment-Seminar ""Der erleuchtete Investor"" in Hamburg (Wert 2.374,50€) Ich habe zwar persönlich noch keine Erfahrung mit speziell dieser Akademie, ich hatte mir aber ein Interview mit dem Gründer, Philipp Müller, angesehen und fand ihn sehr authentisch . Vielleicht hat ja sonst jemand Erfahrung?","PJM Investment Akademie - kostenloses Online Event Basis Finanzwissen Darf man hier Links posten? Bin gerade darauf gestoßen und denke es könnte für diejenigen die am Anfang stehen mit ihrer Finanzbildung, interessant sein. Zudem, je mehr sich über dich anmelden dafür bekommt man Zugang zu Masterclasses zu diversen Themen: Investment Masterclass: 🎁 1 Anmeldung - Masterclass Sparen & Verhandeln 🎁 3 Anmeldungen - Masterclass Versicherungen & Steuern 🎁 5 Anmeldungen - Masterclass Eigenheim & Immobilien 🎁 7 Anmeldungen - Masterclass Leadership & Kommunikation 🏆 Top 10 - 2-tägiges Investment-Seminar ""Der erleuchtete Investor"" in Hamburg (Wert 2.374,50€) Ich habe zwar persönlich noch keine Erfahrung mit speziell dieser Akademie, ich hatte mir aber ein Interview mit dem Gründer, Philipp Müller, angesehen und fand ihn sehr authentisch . Vielleicht hat ja sonst jemand Erfahrung?",True,5,🎁 🎁 🎁 🎁 🏆
MI_0045,negative,,no_emoji,,"Comdirect erhöht Giro Gebühren Verdammte 4,9€ soll ich zahlen pro Monat. Die spinnen doch. Ich werd meine etf sparpläne umziehen. So eine Kunden unfreundliche Scheiße.","Comdirect erhöht Giro Gebühren Verdammte 4,9€ soll ich zahlen pro Monat. Die spinnen doch. Ich werd meine etf sparpläne umziehen. So eine Kunden unfreundliche Scheiße.","Comdirect erhöht Giro Gebühren Verdammte 4,9€ soll ich zahlen pro Monat. Die spinnen doch. Ich werd meine etf sparpläne umziehen. So eine Kunden unfreundliche Scheiße.",False,0,
MI_0046,negative,,positive_or_softening,,"Closing credit account. I opened a credit card account two months ago, both months I have used £300 in credit and repayed long before the deadline. I want to close the account. I have no need for it and having a credit account is really stressing me out. Will closing this new account (I have no other accounts, nor have I had before) negatively impact my credit score? Thanks 🙏","Closing credit account. I opened a credit card account two months ago, both months I have used £300 in credit and repayed long before the deadline. I want to close the account. I have no need for it and having a credit account is really stressing me out. Will closing this new account (I have no other accounts, nor have I had before) negatively impact my credit score? Thanks","Closing credit account. I opened a credit card account two months ago, both months I have used £300 in credit and repayed long before the deadline. I want to close the account. I have no need for it and having a credit account is really stressing me out. Will closing this new account (I have no other accounts, nor have I had before) negatively impact my credit score? Thanks 🙏",True,1,🙏
MI_0047,positive,,no_emoji,,"Tech-Calls Liebe Leute, morgen ist DER Tag. DER Tag um Apple/NVIDIA/.../-Calls zu kaufen. Ich kaufe morgen früh, nehme den Spread hin und profitiere wenn NYSE öffnet. Nur als kleiner Tipp. Die News von Trump und seiner Ausnahme für den Import von Elektronischen Gütern sind in den Tech-Aktien noch nicht eingepreist, ist erst am Wochenende veröffentlich worden. Lasst mich gerne wissen, wie Ihr das seht! LG","Tech-Calls Liebe Leute, morgen ist DER Tag. DER Tag um Apple/NVIDIA/.../-Calls zu kaufen. Ich kaufe morgen früh, nehme den Spread hin und profitiere wenn NYSE öffnet. Nur als kleiner Tipp. Die News von Trump und seiner Ausnahme für den Import von Elektronischen Gütern sind in den Tech-Aktien noch nicht eingepreist, ist erst am Wochenende veröffentlich worden. Lasst mich gerne wissen, wie Ihr das seht! LG","Tech-Calls Liebe Leute, morgen ist DER Tag. DER Tag um Apple/NVIDIA/.../-Calls zu kaufen. Ich kaufe morgen früh, nehme den Spread hin und profitiere wenn NYSE öffnet. Nur als kleiner Tipp. Die News von Trump und seiner Ausnahme für den Import von Elektronischen Gütern sind in den Tech-Aktien noch nicht eingepreist, ist erst am Wochenende veröffentlich worden. Lasst mich gerne wissen, wie Ihr das seht! LG",False,0,
MI_0048,neutral_or_mixed,,no_emoji,,"Steuerklasse ändern oder via Steuererklärung Rückzahlung erwarten Hallo zusammen, Macht es einen Unterschied, ob wir unsere Steuerklasse in 3/5 ändern oder ob wir in einer gemeinsamen Steuererklärung quasi eine ""große"" Rückzahlung erhalten werden und einfach in 4/4 bleiben? Situation: Verheiratet, 1 Kind, Einer Teilzeit, Einer Vollzeit (großer Gehaltsunterschied). Beide in Steuerklasse 4. Danke Euch...!","Steuerklasse ändern oder via Steuererklärung Rückzahlung erwarten Hallo zusammen, Macht es einen Unterschied, ob wir unsere Steuerklasse in 3/5 ändern oder ob wir in einer gemeinsamen Steuererklärung quasi eine ""große"" Rückzahlung erhalten werden und einfach in 4/4 bleiben? Situation: Verheiratet, 1 Kind, Einer Teilzeit, Einer Vollzeit (großer Gehaltsunterschied). Beide in Steuerklasse 4. Danke Euch...!","Steuerklasse ändern oder via Steuererklärung Rückzahlung erwarten Hallo zusammen, Macht es einen Unterschied, ob wir unsere Steuerklasse in 3/5 ändern oder ob wir in einer gemeinsamen Steuererklärung quasi eine ""große"" Rückzahlung erhalten werden und einfach in 4/4 bleiben? Situation: Verheiratet, 1 Kind, Einer Teilzeit, Einer Vollzeit (großer Gehaltsunterschied). Beide in Steuerklasse 4. Danke Euch...!",False,0,
MI_0049,negative,,no_emoji,,totally agree with the bad reviews for best buy credit cards. i payee off my balance and closed my account> my advice... it's a nightmare. worst company ever,totally agree with the bad reviews for best buy credit cards. i payee off my balance and closed my account> my advice... it's a nightmare. worst company ever,totally agree with the bad reviews for best buy credit cards. i payee off my balance and closed my account> my advice... it's a nightmare. worst company ever,False,0,
MI_0050,neutral_or_mixed,,no_emoji,,"Buy and Hold Infinity - Gute Idee? Ich bin 27 1/2 Jahre alt, Bankkaufmann und investiere aktuell so: Depot 1: Größter Anteil geht in den all world (60%), dann jeweils 20% noch in den Emerging Markets und S&P für nen kleinen (hoffentlich) Rendite boost (alle von Vanguard). - Ausschüttend, weil ich Dividenden Liebe und es mich motiviert. Depot 2: Das selbe wie in Depot 1, aber thesaurierend für meine Nichte und meinen Neffen -> Führerschein und evtl. Auto zum 18 Depot 3: 20 Handverlesene Einzelaktien, davon 2 aktuell nicht ausschüttend, der Rest schüttet aus. Keine Käufe nach ESG oder Moral, sondern nach Rendite. Depot 4: ""Alternative Investments"" -> 60% in einen Immo-ETF und 40% in Gold Depot...","Buy and Hold Infinity - Gute Idee? Ich bin 27 1/2 Jahre alt, Bankkaufmann und investiere aktuell so: Depot 1: Größter Anteil geht in den all world (60%), dann jeweils 20% noch in den Emerging Markets und S&P für nen kleinen (hoffentlich) Rendite boost (alle von Vanguard). - Ausschüttend, weil ich Dividenden Liebe und es mich motiviert. Depot 2: Das selbe wie in Depot 1, aber thesaurierend für meine Nichte und meinen Neffen -> Führerschein und evtl. Auto zum 18 Depot 3: 20 Handverlesene Einzelaktien, davon 2 aktuell nicht ausschüttend, der Rest schüttet aus. Keine Käufe nach ESG oder Moral, sondern nach Rendite. Depot 4: ""Alternative Investments"" -> 60% in einen Immo-ETF und 40% in Gold Depot 5: VL (Sparkassenfond, bin Mitarbeiter) -> Sammelt sich einfach erstmal nur an, nimmt man mit Wie man sieht schüttet bei mir das allermeiste aus und das ist auch gewollt, denn ich liebe jede der 59 Dividendenausschüttungen die ich p. a. erhalte. ""Permanenter Cashflow"" fühlt sich einfach gut an und sieht schön aus. Außerdem will ich später nicht verkaufen, sondern einfach ""den Geldhahn aufdrehen"" und davon Leben. Meine Durchschnittsausschüttung sind etwa 3,17% p. a. also ""konservativer"" als die 4%-Entnahmeregel und damit möchte ich auch fahren. **TL:DR die Frage: Es könnte ja sein, dass ich etwas übersehen habe mit meiner ""Buy and Hold Infinity"" Strategie. Der Plan: Ich kaufe nur noch und werde niemals was verkaufen. Mir sind Kurse also völlig egal. Ich habe während der Trump Zeit generell so gut wie gar nicht rein geschaut und mir geht das auch völlig am A.... vorbei. Bspw. habe ich auch eine Aktie mit +60% drin, aber das sind alles für mich Momentaufnahmen. Was heute ist, interessiert nicht. Ich will die im besten Fall noch Jahrzehnte wachsen lassen....** **Die 2 Aktien die nicht ausschütten werde ich logischerweise irgendwann verkaufen müssen, weil Sie eben nichts abwerfen und daher ein Hold bis zum Tod unsinnig ist, aber sonst? Was könnte ich übersehen? Es schläft sich so jedenfalls deutlich ruhiger und die Teilzeit-Meilensteine sind auch schon gesetzt + Freiheit am Ende natürlich.**","Buy and Hold Infinity - Gute Idee? Ich bin 27 1/2 Jahre alt, Bankkaufmann und investiere aktuell so: Depot 1: Größter Anteil geht in den all world (60%), dann jeweils 20% noch in den Emerging Markets und S&P für nen kleinen (hoffentlich) Rendite boost (alle von Vanguard). - Ausschüttend, weil ich Dividenden Liebe und es mich motiviert. Depot 2: Das selbe wie in Depot 1, aber thesaurierend für meine Nichte und meinen Neffen -> Führerschein und evtl. Auto zum 18 Depot 3: 20 Handverlesene Einzelaktien, davon 2 aktuell nicht ausschüttend, der Rest schüttet aus. Keine Käufe nach ESG oder Moral, sondern nach Rendite. Depot 4: ""Alternative Investments"" -> 60% in einen Immo-ETF und 40% in Gold Depot 5: VL (Sparkassenfond, bin Mitarbeiter) -> Sammelt sich einfach erstmal nur an, nimmt man mit Wie man sieht schüttet bei mir das allermeiste aus und das ist auch gewollt, denn ich liebe jede der 59 Dividendenausschüttungen die ich p. a. erhalte. ""Permanenter Cashflow"" fühlt sich einfach gut an und sieht schön aus. Außerdem will ich später nicht verkaufen, sondern einfach ""den Geldhahn aufdrehen"" und davon Leben. Meine Durchschnittsausschüttung sind etwa 3,17% p. a. also ""konservativer"" als die 4%-Entnahmeregel und damit möchte ich auch fahren. **TL:DR die Frage: Es könnte ja sein, dass ich etwas übersehen habe mit meiner ""Buy and Hold Infinity"" Strategie. Der Plan: Ich kaufe nur noch und werde niemals was verkaufen. Mir sind Kurse also völlig egal. Ich habe während der Trump Zeit generell so gut wie gar nicht rein geschaut und mir geht das auch völlig am A.... vorbei. Bspw. habe ich auch eine Aktie mit +60% drin, aber das sind alles für mich Momentaufnahmen. Was heute ist, interessiert nicht. Ich will die im besten Fall noch Jahrzehnte wachsen lassen....** **Die 2 Aktien die nicht ausschütten werde ich logischerweise irgendwann verkaufen müssen, weil Sie eben nichts abwerfen und daher ein Hold bis zum Tod unsinnig ist, aber sonst? Was könnte ich übersehen? Es schläft sich so jedenfalls deutlich ruhiger und die Teilzeit-Meilensteine sind auch schon gesetzt + Freiheit am Ende natürlich.**",False,0,
MI_0051,neutral_or_mixed,,no_emoji,,"Best order of operations for selling current home and buying another. I am ready to sell my house of 10+ years with ~$100k equity. I want to get a new home in a better neighborhood while the interest rates are low. As I see it I have 4 options. 1) Sell the house now, put my possessions in storage, and rent till I find my next home. This allows me to have a 20% down payment right off the bat, but makes moving and shuffling around with my pets an issue. 2) Look for houses at the same time I am selling mine and make a contingency offer an my next home hoping that the seller is ok with that. Moving would be easier, and the down payment would be available, but I’ve been told that some sellers are...","Best order of operations for selling current home and buying another. I am ready to sell my house of 10+ years with ~$100k equity. I want to get a new home in a better neighborhood while the interest rates are low. As I see it I have 4 options. 1) Sell the house now, put my possessions in storage, and rent till I find my next home. This allows me to have a 20% down payment right off the bat, but makes moving and shuffling around with my pets an issue. 2) Look for houses at the same time I am selling mine and make a contingency offer an my next home hoping that the seller is ok with that. Moving would be easier, and the down payment would be available, but I’ve been told that some sellers are apprehensive of this. 3) Buy a new house before selling with little to no down and sell my house later putting 20% down after the sale goes through. This would give me time to move and do some fixes on the current house. I would have to float two mortgages plus the mortgage insurance in the mean time, which I don’t foresee as a big issue with my situation. 4) Keep both houses and rent the first house out. I’m not sure I’m interested in being a landlord, so I would probably use a management company. This would mean I would pay mortgage insurance for a while as well till I can get 20% down on the 2nd house. What do you all think? What would you suggest and is there anything I’m not considering?","Best order of operations for selling current home and buying another. I am ready to sell my house of 10+ years with ~$100k equity. I want to get a new home in a better neighborhood while the interest rates are low. As I see it I have 4 options. 1) Sell the house now, put my possessions in storage, and rent till I find my next home. This allows me to have a 20% down payment right off the bat, but makes moving and shuffling around with my pets an issue. 2) Look for houses at the same time I am selling mine and make a contingency offer an my next home hoping that the seller is ok with that. Moving would be easier, and the down payment would be available, but I’ve been told that some sellers are apprehensive of this. 3) Buy a new house before selling with little to no down and sell my house later putting 20% down after the sale goes through. This would give me time to move and do some fixes on the current house. I would have to float two mortgages plus the mortgage insurance in the mean time, which I don’t foresee as a big issue with my situation. 4) Keep both houses and rent the first house out. I’m not sure I’m interested in being a landlord, so I would probably use a management company. This would mean I would pay mortgage insurance for a while as well till I can get 20% down on the 2nd house. What do you all think? What would you suggest and is there anything I’m not considering?",False,0,
MI_0052,negative,,neutral,,Moving out of my parents' basement # What would you consider a big enough nest egg to move out of my parents' house without a job if I want a studio/1 bedroom and I’m not too picky? ​ Really hate living with my brothers and it is fucking with my mental health because we argue constantly and they are really messy. ​ I would be searching for a job/potentially employed during the entire process. I'm just not sure how soon I will have a job because I'm going to quit my job in a month or two and start looking for something new (I really hate my job and it's retail so corona makes it even worse). I already pay my parents rent but only $300 a month so I at least have practice with that. 📷 📷,Moving out of my parents' basement # What would you consider a big enough nest egg to move out of my parents' house without a job if I want a studio/1 bedroom and I’m not too picky? ​ Really hate living with my brothers and it is fucking with my mental health because we argue constantly and they are really messy. ​ I would be searching for a job/potentially employed during the entire process. I'm just not sure how soon I will have a job because I'm going to quit my job in a month or two and start looking for something new (I really hate my job and it's retail so corona makes it even worse). I already pay my parents rent but only $300 a month so I at least have practice with that.,Moving out of my parents' basement # What would you consider a big enough nest egg to move out of my parents' house without a job if I want a studio/1 bedroom and I’m not too picky? ​ Really hate living with my brothers and it is fucking with my mental health because we argue constantly and they are really messy. ​ I would be searching for a job/potentially employed during the entire process. I'm just not sure how soon I will have a job because I'm going to quit my job in a month or two and start looking for something new (I really hate my job and it's retail so corona makes it even worse). I already pay my parents rent but only $300 a month so I at least have practice with that. 📷 📷,True,2,📷 📷
